pdb_id,fragment_id,site,resolution,crystal_form
5QRF,F9000532,A,2.03,1
5QRG,XS115742,A,1.95,1
5QRH,FM001763,A,1.81,1
5QRI,F9000380,A,1.83,1
5QRJ,F9000536,A,1.81,1
5QRK,FM010104,A,1.63,1
5QRL,F9000949,A,1.76,1
5QRM,F9000392,crystal_contact,1.55,1
5QRN,F9000950,A,1.62,1
5QRO,F9000403,A,1.61,1
5QRP,F9000414,A,1.67,1
5QRQ,FM002138,A,2.10,1
5QRR,F9000436,E,1.69,1
5QRS,F9000441,A,2.06,1
5QSL,F9000479,B,1.96,1
5QRT,FM010020,A,1.77,1
5QRU,F9000505,B,1.76,1
5QRW,F9000547,B_and_C,1.74,1
5QRX,F9000951,A,1.87,1
5QRY,FM010072,A,1.58,1
5QRZ,F9000591,A,1.96,1
5QS0,FM010026,D,1.60,1
5QS1,XS093338,B,1.66,1
5QS2,FM001886,A,1.68,1
5QS3,FM002333,A,1.71,1
5QS4,UB000200,A,1.65,1
5QS5,FM002032,A,1.81,1
5QS6,FM010013,G,1.67,2
5QS7,FM001763,unassigned,1.66,2
5QS8,F9000511,G,1.47,2
5QS9,FM002076,A_prime,1.43,2
5QSA,FM001580,F,1.55,2
5QSB,XS022802,G,1.82,2
5QSC,F9000560,G_and_F,1.62,2
5QSD,FM002038,A_prime,1.87,2
5QSE,F9000674,G,2.01,2
5QSF,DA000167,G,1.96,2
5QSG,F9000710,G,1.87,2
5QT0,XS092188,G,2.10,2
5QSH,F9000416,G,1.90,2
5QSI,FM001452,F,1.64,2
5QSJ,FM002214,G,1.49,2
5QSK,FM002150,F,1.55,2
